vector_id,vector_name_zh,vector_name_en,attack_description,trust_boundary_violated,mitigation_existing,mitigation_design_only,coverage_test,coverage_test_status,rv_gap_closed
CT-01,跨租户访问,cross_tenant_read,A-org user GET B-org patient_context,org_id claim (JWT) → DB row.organization_id check,tenant_read_policy exact-404-no-leak (A1A Gate 3),—,tests/test_api/test_a1a_gate2_org_isolation.py,PASS (Gate 2),A1A Gate 2
CT-02,越权,privilege_escalation,coder tries admin endpoint,role claim → DB user.role re-check + RBAC matrix,get_current_user loads User from DB (auth.py:131-138) — role claim not trusted,A1C.4 §3 ROLE_PERMISSION_MATRIX.csv,tests/test_api/test_a1c4_rbac.py (NEW — Pilot),DESIGN — Pilot,Pilot
CT-03,IDOR,insecure_direct_object_reference,GET /api/v1/patient-context/{other_user_ctx_id},resource ownership check before return,PatientContext.organization_id == current_org.id,ABAC dept filter (DESIGN — Pilot),tests/test_api/test_a1a_gate3r_8_regression_security_negative.py,PASS (Gate 3R),A1A Gate 3R
CT-04,伪造 organization_id,fake_organization_id,POST body with organization_id=other_org,server overrides with current_org.id,A1A Gate 2 write surfaces use current_org.id,tenant_scoper.set_org_context,A1C.3 patient_context.create + tests/test_api/test_a1a_gate2_org_isolation.py,PASS (Gate 2 + A1C.3),A1A Gate 2 + A1C.3
CT-05,伪造 tenant_id,fake_tenant_id,A1C.3 body with tenant_id mismatching current_org.slug,A1C.4 §5.2 tenant_id == current_org.slug validator (DESIGN — Pilot),—,tests/test_api/test_a1c4_tenant_id_match.py,DESIGN — Pilot,A1C.4 follow-up
CT-06,伪造 role claim,fake_role_claim,JWT role=admin but user.role=coder in DB,DB authoritative re-check,auth.py:131-138 queries User table,—,tests/test_api/test_a1c4_role_claim_db_recheck.py,DESIGN — Pilot,A1C.4 follow-up
CT-07,Token 过期,token_expired,Use JWT after exp,exp claim validation,decode_token + PyJWTError,—,tests/test_api/test_oauth_audit_rejection.py,PASS (Phase 7),Phase 7
CT-08,Token 撤销后重用,token_revoked_replay,Use JWT after User.token_version increment,token_version check,auth.py:142-145,—,tests/test_api/test_a1a_gate1_token_revocation.py,PASS (Gate 1),A1A Gate 1
CT-09,Key rotation 双 key 接受窗口,key_rotation_window,Accept old + new JWT secret simultaneously,rotation = KMS key version + 30s overlap window (DESIGN),Settings.SECRET_KEY single value,manual test (Pilot),DESIGN — Pilot,A1C.5 + Pilot
CT-10,Clock skew 利用,clock_skew,Client sets clock back to bypass exp,leeway=0 default; server time authoritative,PyJWT decode leeway,tests/test_api/test_a1c4_clock_skew.py,DESIGN — Pilot,Phase 7 + Pilot
CT-11,SSO 注入 hospital_user伪造,hospital_user_injection,OIDC callback with forged practitioner_id,Hospital OIDC JWT signature verify via JWKS,DESIGN — Pilot implementation,tests/test_api/test_a1c4_oidc_callback.py,DESIGN — Pilot,A1C.4 OIDC §6
CT-12,API Key 跨用户重用,api_key_cross_user_reuse,User A uses User B ApiKey,ApiKey.user_id == current_user.id check,backend/app/api/keys.py,PASS,tests/test_api/test_api_keys.py,PASS (existing),Phase 4-G
CT-13,Service account 越权,oauth_client_scope_escalation,OAuthClient requests scope outside its registered list,scope intersection check at /oauth/token,backend/app/api/oauth.py:scope intersection,tests/test_api/test_phase7_gate5_api_clients.py,PASS (Gate 5),Phase 7 Gate 5
CT-14,patient_context 篡改 trace_id,trace_id_tampering,Body with trace_id from other ctx to confuse observability,server generates trace_id if absent; client trace_id only as hint,A1C.3 patient_context.create — server generates if None,tests/test_api/test_a1c3_patient_context_smoke.py,DESIGN — Pilot,A1C.3 + A1C.4
CT-15,Preview ticket 重放,preview_ticket_replay,Use bootstrap ticket after single_use=1,PreviewSession.is_used check + 60s TTL,Phase 7 Gate 13A + 13A-1,tests/test_api/test_phase7_gate13a*.py,PASS (Gate 13A),Phase 7 Gate 13A
